Provincia;Municipio;Localidad;Código postal;Dirección;Margen;Longitud;Latitud;Toma de datos;Precio gasolina 95 E5;Precio gasolina 95 E10;Precio gasolina 95 E5 Premium;Precio gasolina 98 E5;Precio gasolina 98 E10;Precio gasóleo A;Precio gasóleo Premium;Precio gasóleo B;Precio gasóleo C;Precio bioetanol;% bioalcohol;Precio biodiésel;% éster metílico;Precio gases licuados del petróleo;Precio gas natural comprimido;Precio gas natural licuado;Precio hidrógeno;Rótulo;Tipo venta;Rem.;Horario;Tipo servicio
ALBACETE;ABENGIBRE;ABENGIBRE;02250;AVENIDA CASTILLA LA MANCHA, 26;D;-1,539167;39,211417;10/05/2025 21:56;1,399;;;;;1,339;;0,979;;;;;;;;;;Nº 10.935;P;dm;L-D: 07:00-22:00;L-D: 07:00-22:00 (A)
ALBACETE;ALATOZ;ALATOZ;02152;CR CM-332, 46,4;I;-1,346083;39,100389;12/05/2025 16:39;1,609;;;;;1,509;1,619;;;;;;;;;;;REPSOL;P;dm;L-D: 7:00-23:00;L-D: 7:00-23:00 (A)
ALBACETE;ALBACETE;ALBACETE;02001;AVENIDA 1º DE MAYO, S/N;N;-1,868500;38,985667;16/05/2025 10:59;1,419;;;1,589;;1,349;1,389;;;;;;;;;;;CARREFOUR;P;dm;"L-S: 08:00-22:00; D: 09:00-21:00";"L-S: 08:00-22:00 (A); D: 09:00-21:00 (A)"
ALBACETE;ALBACETE;ALBACETE;02001;CALLE PRINCIPE DE ASTURIAS (POLÍGONO DE ROMICA), 5;I;-1,832000;39,054694;17/05/2025 00:00;1,489;;;1,639;;1,429;1,529;;;;;;;;;;;BP ROMICA;P;OM;L-D: 06:00-22:00;L-D: 06:00-22:00 (P)
ALBACETE;ALBACETE;ALBACETE;02001;CALLE FEDERICO GARCIA LORCA, 5;I;-1,846361;38,997722;14/05/2025 10:56;;;;;;1,444;;;;;;;;;;;;CEPSA;R;dm;L-S: 05:00-23:00;L-S: 05:00-23:00 (A)
ALBACETE;ALBACETE;ALBACETE;02001;CALLE FEDERICO GARCIA LORCA, 1;D;-1,849833;39,000861;18/05/2025 14:10;1,369;;;;;1,329;;;;;;;;;;;;PLENERGY;P;dm;L-D: 24H;L-D: 24H (D)
ALBACETE;ALBACETE;ALBACETE;02005;CL PASEO DE LA CUBA, 15;D;-1,854556;38,999722;18/05/2025 17:00;1,509;;;1,609;;1,449;;;;;;;;0,939;;;;REPSOL;P;OM;L-D: 06:00-22:00;L-D: 06:00-22:00 (A)
ALBACETE;ALBACETE;ALBACETE;02005;AVENIDA MENÉNDEZ PIDAL, 58;N;-1,864917;39,003333;14/05/2025 10:43;1,499;;;1,609;;1,419;1,499;;;;;;;;;;;TAMOS;P;dm;L-D: 24H;L-D: 24H (A)
ALBACETE;ALBACETE;ALBACETE;02005;CALLE CONSTANTINO ROMERO, S/N;D;-1,884444;39,005528;18/05/2025 14:10;1,369;;;;;1,329;;;;;;;;;;;;PLENERGY;P;dm;L-D: 24H;L-D: 24H (D)
ALBACETE;ALBACETE;ALBACETE;02005;PASEO CUBA (LA), 36;N;-1,859917;39,005083;18/05/2025 00:00;1,516;;;1,655;;1,462;1,558;;;;;;;0,974;;;;MOEVE;P;OM;L-D: 06:00-22:00;L-D: 06:00-22:00 (P)
ALBACETE;ALBACETE;ALBACETE;02005;AVENIDA ESCRITOR RODRIGO RUBIO, 3;D;-1,885361;39,006889;17/05/2025 20:12;1,369;;;;;1,319;1,399;;;;;;;0,838;;;;A&A;P;dm;L-S: 09:00-21:30;Sin datos
ALBACETE;ALBACETE;ALBACETE;02002;CALLE HERMANOS FALCÓ, 2;D;-1,849028;38,989250;12/05/2025 18:40;1,499;;;1,639;;1,449;1,549;;;;;;;;;;;CEPSA;P;dm;L-D: 06:30-22:30;Sin datos
ALBACETE;ALBACETE;ALBACETE;02006;CARRETERA JAEN KM. 2;D;-1,871722;38,994667;14/05/2025 06:00;1,509;;1,549;1,629;;1,419;1,499;;;;;;;;;;;REPSOL;P;dm;L-D: 24H;L-D: 24H (A)
ALBACETE;ALBACETE;ALBACETE;02006;AVDA. DE LOS TOREROS, S/N;N;-1,869889;38,998222;12/05/2025 00:00;1,439;;;;;1,349;1,399;;;;;;;;;;;INPEALSA;P;dm;L-D: 07:00-23:00;L-D: 07:00-23:00 (P)
ALBACETE;ALBACETE;ALBACETE;02006;CALLE ALMANSA, 2;I;-1,847083;38,984139;10/05/2025 21:58;1,469;;;1,636;;1,439;1,509;;;;;;;;;;;CEPSA;P;dm;L-D: 06:00-23:00;L-D: 06:00-23:00 (A)
ALBACETE;ALBACETE;ALBACETE;02006;CR N-322, 337,8;I;-2,031861;38,925833;12/05/2025 09:50;1,519;;;1,679;;1,419;1,489;;;;;;;;;;;REPSOL;P;dm;L-D: 06:30-21:30;L-D: 06:30-21:30 (P)
ALBACETE;ALBACETE;ALBACETE;02006;CALLE ALCALDE CONANGLA (C.C. EROSKI), S/N;N;-1,847361;38,988972;12/05/2025 10:30;1,369;;;1,559;;1,329;1,399;;;;;;;;;;;FAMILY ENERGY;P;dm;"L-S: 07:00-23:00; D: 08:00-23:00";"L-S: 07:00-23:00 (A); D: 08:00-23:00 (A)"
ALBACETE;ALBACETE;ALBACETE;02006;CALLE CTRA. DE JAEN, 79;I;-1,883694;38,988111;12/05/2025 11:06;1,509;;;1,639;;1,409;1,479;;;;;;;;;;;REPSOL;P;dm;L-D: 06:00-22:00;L-D: 06:00-22:00 (P)
ALBACETE;ALBACETE;ALBACETE;02006;PG CAMPOLLANO-P. 2-CT, S.N.;D;-1,874972;39,012583;18/05/2025 00:00;1,489;;;1,599;;1,439;1,519;;;;;;;;;;;REPSOL;P;OM;"L-V: 06:00-22:00; S: 07:30-15:30; D: 09:00-15:00";"L-V: 06:00-22:00 (A); S: 07:30-15:30 (A); D: 09:00-15:00 (A)"
ALBACETE;ALBACETE;ALBACETE;02006;CR N-301, 244;I;-1,892972;39,027778;18/05/2025 16:00;1,509;;;1,609;;1,459;1,529;;;;;;;;;;;REPSOL;P;OM;L-D: 24H;L-D: 24H (A)
ALBACETE;ALBACETE;ALBACETE;02006;CARRETERA N-322 KM. 359;D;-1,845083;39,033139;18/05/2025 00:00;1,489;;;1,599;;1,429;1,479;;;;;;;;;;;REPSOL;P;OM;"L-V: 07:00-21:00; S-D: 09:00-14:00";Sin datos
ALBACETE;ALBACETE;ALBACETE;02006;CARRETERA NACIONAL 322 PTO KM 347 KM. 347;D;-1,935500;38,965639;14/05/2025 07:00;;;;;;1,319;;;;;;;;;;;;P347;P;dm;L-S: 07:00-22:00;L-S: 07:00-22:00 (A)
ALBACETE;ALBACETE;ALBACETE;02006;AVENIDA 1º DE MAYO, S/N;N;-1,866806;38,985194;12/05/2025 16:18;1,409;;;;;1,359;;;;;;;;;;;;PETROCAMP;P;dm;L-D: 07:00-23:00;L-D: 07:00-23:00 (A)
ALBACETE;ALBACETE;ALBACETE;02006;AVDA. DE ESPAÑA (PRÓX. A C/ SAN JUAN), S/N;N;-1,853306;38,982167;12/05/2025 00:00;1,439;;;;;1,349;;;;;;;;;;;;INPEALSA;P;dm;L-D: 07:00-23:00;L-D: 07:00-23:00 (P)
ALBACETE;ALBACETE;ALBACETE;02099;CARRETERA NACIONAL 301 KM. 256;D;-1,831639;38,929389;12/05/2025 00:00;1,439;;;;;1,339;;;;;;;;;;;;INPEALSA;P;dm;L-D: 24H;"L-S: 00:00-06:00 (D), 06:00-22:00 (P), 22:00-23:59 (D); D: 00:00-07:00 (D), 07:00-22:00 (P), 22:00-23:59 (D)"
ALBACETE;ALBACETE;ALBACETE;02004;CARRETERA N-322 KM. 349;D;-1,919778;38,970167;17/05/2025 09:21;1,499;;;1,539;;1,459;1,549;;;;;;;;;;;CEPSA;P;dm;L-D: 24H;L-D: 24H (A)
ALBACETE;ALBACETE;SANTA ANA;02328;AVENIDA PRINCIPE, 2;D;-1,994028;38,900944;18/05/2025 00:00;1,459;;;1,569;;1,409;1,479;1,105;;;;;;;;;;REPSOL;P;OM;L-D: 08:00-16:00;L-D: 08:00-16:00 (A)
ALBACETE;ALBACETE;SALOBRAL (EL);02140;CM. 3203 km 14,1;D;-1,920500;38,867556;05/05/2025 18:35;1,386;;;;;1,315;1,860;0,905;;;;;;;;;;LOZANO;P;dm;"L-S: 07:00-14:00; D: 09:00-14:00";Sin datos
ALBACETE;ALBACETE;ALBACETE;02007;MADRID-CARTAGENA km 248,5;D;-1,845278;38,971722;18/05/2025 00:00;1,489;;1,549;1,609;;1,439;1,509;;;;;;;;;;;REPSOL. LOS ANGELES DE LA MANCHA, S.L.;P;OM;L-D: 06:00-22:00;L-D: 06:00-22:00 (A)
ALBACETE;ALBACETE;ALBACETE;02007;MADRID-CARTAGENA km 248,5;I;-1,845306;38,971778;18/05/2025 00:00;1,489;;;1,609;;1,439;1,509;;;;;;;;;;;REPSOL Nº ESTACIÓN 97179;P;OM;L-V: 06:00-22:00;L-V: 06:00-22:00 (A)
ALBACETE;ALBACETE;ALBACETE;02007;AUTOVIA A-31 KM. 69;I;-1,891361;39,031528;18/05/2025 17:00;1,519;;;1,659;;1,459;1,519;;;;;;;0,939;;;;REPSOL;P;OM;L-D: 06:00-22:00;L-D: 06:00-22:00 (A)
ALBACETE;ALBACETE;ALBACETE;02007;AVENIDA 3ª ESQUINA C/ F Nº3, 3;N;-1,885694;39,009417;12/05/2025 09:38;1,399;;;;;1,329;;;;;;;;;;;;FAST & GAS;P;dm;L-D: 24H;L-D: 24H (A)
ALBACETE;ALBACETE;ALBACETE;02007;AVENIDA PRIMERA, S/N;D;-1,882056;39,022139;14/05/2025 16:00;1,359;;;;;1,269;;;;;;;;;;;;GMOIL;P;dm;L-D: 24H;L-D: 24H (A)
ALBACETE;ALBACETE;ALBACETE;02007;AVENIDA POLIGONO CAMPOLLANO AVENIDA 0, 67;N;-1,886556;39,021583;12/05/2025 10:20;1,459;;;;;1,359;;;;;;;;;;;;VALERO 24H;P;dm;L-D: 24H;L-D: 24H (A)
ALBACETE;ALBACETE;ALBACETE;02007;POLIGONO CAMPOLLANO, 55;N;-1,871361;39,015444;14/05/2025 07:07;1,459;;;1,589;;1,409;1,459;;;;;;;;;;;CEPSA;P;dm;"L-V: 05:30-23:00; S: 06:30-22:30; D: 07:30-21:00";Sin datos
ALBACETE;ALBACETE;ALBACETE;02007;CARRETERA C-M 332 KM. 2,6;D;-1,831611;38,998111;12/05/2025 09:27;1,509;;;1,649;;1,459;1,559;1,639;;;;;;;;;;"INLOCOR S.L. ""CEPSA""";P;dm;L-D: 06:00-23:30;L-D: 06:00-23:30 (A)
ALBACETE;ALBACETE;ALBACETE;02007;SECTOR PARCELA T-3 LOCAL52, 14;N;-1,878111;39,009639;09/05/2025 13:27;1,369;;;1,559;;1,329;1,388;;;;;;;;;;;ALCAMPO;P;dm;"L-S: 06:00-23:00; D: 08:00-23:00";"L-S: 06:00-23:00 (A); D: 08:00-23:00 (A)"
ALBACETE;ALBACETE;ALBACETE;02007;POLIGONO CAMPOLLANO AVENIDA 1, 0;N;-1,893944;39,016389;12/05/2025 00:00;1,439;;;;;1,339;1,389;;;;;;;;;;;INPEALSA;P;dm;"L-V: 06:00-22:00; S: 06:00-14:00";S: 06:00-14:00 (A)
ALBACETE;ALBACETE;ALBACETE;02007;POLIGONO AVDA. 3ª, ESQUINA C/AUTOVIA, 69;D;-1,874333;39,018000;17/05/2025 21:02;1,439;;;1,589;;1,359;1,459;;;;;;;;;;;ENERCOM CARBURANTES;P;dm;L-D: 24H;L-D: 24H (A)
ALBACETE;ALBACETE;ALBACETE;02007;CALLE C/ AUTOVIA C/V AVD. SEXTA, S/N;D;-1,888083;39,029583;15/05/2025 00:00;;;;;;;;;;;;;;;1,299;1,239;;NATURGY ES  GNV ALBACETE;P;dm;L-D: 24H;L-D: 24H (A)
ALBACETE;ALBACETE;ALBACETE;02007;POLIGONO CAMPOLLANO C/.F, 13;D;-1,889417;39,012472;12/05/2025 10:43;;;;;;1,279;;;;;;;;;;;;AVANZA OIL;P;dm;L-D: 24H;L-D: 24H (A)
ALBACETE;ALBACETE;ALBACETE;02007;CALLE AUTOVIA, SN;N;-1,888333;39,029167;12/05/2025 14:27;1,439;;;;;1,339;;;;;;;;;;;;LA GAVIOTA GASOLINERA 24 HORA;P;dm;L-D: 24H;"L-V: 00:00-08:30 (D), 08:30-19:00 (A), 19:00-23:59 (D); S-D: 24H (D)"
ALBACETE;ALBACETE;ALBACETE;02007;POLIGONO CAMPOLLANO AVENIDA -0-, 69;D;-1,879639;39,021972;12/05/2025 12:48;1,539;;;;;1,359;;;;;;;;;;;;ABOIL;P;dm;"L-V: 07:00-21:00; S-D: 09:00-14:00";"L-V: 07:00-21:00 (P); S-D: 09:00-14:00 (P)"
ALBACETE;ALBACETE;ALBACETE;02080;POLIGONO Nº 71, PARCELA 678, PARAJE HONDO DE LA MORENA S/N, S/N;D;-1,823639;38,969361;12/05/2025 18:39;1,499;;;1,639;;1,449;1,549;;;;;;;;;;;CEPSA;P;dm;L-D: 06:30-22:30;Sin datos
ALBACETE;ALBACETE;ALBACETE;02080;AUTOVIA A-30 KM. 239,4;I;-1,933056;39,060528;18/05/2025 00:00;1,475;;;;;1,425;1,535;;;;;;;;;;;MOEVE;P;OM;L-D: 24H;L-D: 24H (A)
ALBACETE;ALBACETE;ALBACETE;02080;AUTOVIA A-30 KM. 239,4;D;-1,933250;39,059806;18/05/2025 00:00;1,475;;;1,625;;1,414;1,524;;;;;;;;;;; MOEVE;P;OM;L-D: 07:00-23:00;Sin datos
ALBACETE;ALBACETE;ALBACETE;02080;CARRETERA DE LAS PEÑAS KM 0+238 KM. 0,238;I;-1,873194;38,970778;12/05/2025 20:42;1,459;;;;;1,389;;;;;;;;;;;;AREA LOS LLANOS;P;dm;L-D: 07:00-22:00;L-D: 07:00-22:00 (A)
ALBACETE;ALCADOZO;ALCADOZO;02124;CM-3203 km 41,9;I;-1,978917;38,646833;05/05/2025 09:36;1,589;;;;;1,549;1,689;1,289;;;;;;;;;;CEPSA;P;dm;L-D: 07:00-21:30;L-D: 07:00-21:30 (A)
ALBACETE;ALCALÁ DEL JÚCAR;ALCALA DEL JUCAR;02210;CARRETERA CM-3201 47,1 KM. 47,1;D;-1,433222;39,203167;12/05/2025 09:19;1,439;;;;;1,369;;;;;;;;;;;;EL JUCAR;P;dm;L-D: 08:00-20:00;Sin datos
ALBACETE;ALCARAZ;JARDIN (EL);02330;CARRETERA 322 KM. 302;I;-2,327639;38,808528;18/05/2025 00:00;1,459;;1,509;;;1,409;1,459;;;;;;;;;;;REPSOL;P;OM;L-V: 07:00-17:00;L-V: 07:00-17:00 (A)
ALBACETE;ALMANSA;ALMANSA;02640;CL AVDA. DE AYORA, S.N. A;D;-1,100528;38,874583;18/05/2025 00:00;1,489;;;1,599;;1,409;1,469;;;;;;;0,939;;;;REPSOL;P;OM;L-D: 06:00-22:00;L-D: 06:00-22:00 (A)
ALBACETE;ALMANSA;ALMANSA;02640;AVENIDA CIRCUNVALACION, 9;N;-1,098889;38,879167;18/05/2025 17:45;1,305;;1,315;;;1,257;1,267;;;;;;;;;;;BALLENOIL;P;OM;L-D: 24H;L-D: 24H (D)
ALBACETE;ALMANSA;ALMANSA;02640;AVENIDA INFANTE DON JUAN MANUEL, 8;D;-1,102944;38,874556;17/05/2025 01:17;1,309;;;;;1,259;;;;;;;;;;;;QUALITY ALMANSA;P;dm;L-D: 24H;Sin datos
ALBACETE;ALMANSA;ALMANSA;02640;AUTOVIA A-31 KM. 140;D;-1,175750;38,875028;16/05/2025 15:00;1,464;;;1,604;;1,409;1,489;;;;;;;;;;;SHELL;P;OM;L-D: 07:00-23:00;L-D: 07:00-23:00 (A)
ALBACETE;ALMANSA;ALMANSA;02640;AVENIDA CIRCUNVALACION, 26;N;-1,084750;38,859944;16/05/2025 12:45;1,491;;;;;1,446;1,532;;;;;;;;;;;CEPSA;P;dm;L-D: 06:00-22:00;L-D: 06:00-22:00 (A)
ALBACETE;ALMANSA;ALMANSA;02640;AUTOVIA A-31 KM. 143,350;I;-1,143722;38,878278;16/05/2025 12:48;1,491;;;1,561;;1,456;1,556;;;;;;;;;;;CEPSA;P;dm;L-D: 06:00-22:00;L-D: 06:00-22:00 (A)
ALBACETE;ALMANSA;ALMANSA;02640;AVENIDA AYORA CON AVENIDA ADOLFO SUAREZ, S/N;D;-1,100028;38,878667;16/05/2025 18:03;1,305;;;;;1,257;;;;;;;;;;;;PLENERGY;P;dm;L-D: 24H;L-D: 24H (D)
ALBACETE;ALMANSA;ALMANSA;02640;CARRETERA N-430 BADAJOZ A VALENCIA KM. 594;D;-1,027694;38,850278;16/05/2025 15:01;1,369;;;;;1,299;;1,039;;;;;;;;;;GASOLINERA LOW COST PENADES;P;dm;L-D: 24H;L-D: 24H (P)
ALBACETE;ALPERA;ALPERA;02690;BONETE, S/Nº;N;-1,236552;38,958875;12/05/2025 11:40;1,343;;;;;1,247;;0,902;;;;;;;;;;COOPERATIVA SANTA CRUZ DE ALPERA;P;dm;L-D: 24H;L-D: 24H (A)
ALBACETE;BALAZOTE;BALAZOTE;02320;N-322 km 326,2;D;-2,150639;38,878028;12/05/2025 12:29;1,509;;;;;1,409;;1,190;;;;;;;;;;E.S. BALAZOTE S.L.;P;dm;L-D: 07:00-23:00;L-D: 07:00-23:00 (A)
ALBACETE;BARRAX;BARRAX;02639;CALLE ALBACETE, 57;I;-2,195139;39,043139;12/05/2025 12:28;1,509;;;;;1,409;;1,190;;;;;;;;;;E.S. BARRAX S.L.;P;dm;L-D: 06:00-23:00;L-D: 06:00-23:00 (A)
ALBACETE;BARRAX;BARRAX;02639;CAMINO DE LOS GONZALOS SN;D;-2,192996;39,051236;16/05/2025 18:59;;;;;;1,260;;0,879;;;;;;;;;;COABA;R;dm;L-D: 24H;L-D: 24H (A)
ALBACETE;BIENSERVIDA;BIENSERVIDA;02360;CARRETERA BIENSERVIDA KM. 10;N;-2,617667;38,516417;16/05/2025 13:54;1,364;;;;;1,364;;;;;;;;;;;;GASOLINERA ETENOIL;P;dm;L-D: 07:00-22:00;L-D: 07:00-22:00 (A)
ALBACETE;BONETE;BONETE;02691;AUTOVIA A-31 KM. 126;D;-1,331500;38,875861;18/05/2025 00:00;1,489;;;1,639;;1,429;1,509;;;;;;;;;;;REPSOL;P;OM;L-D: 06:00-22:00;L-D: 06:00-22:00 (A)
ALBACETE;BONETE;BONETE;02691;CR N-430, 566,3;I;-1,331611;38,876111;07/05/2025 00:00;1,479;;;1,609;;1,399;1,459;;;;;;;;;;;REPSOL;P;OM;L-D: 06:00-22:00;L-D: 06:00-22:00 (A)
ALBACETE;BONILLO (EL);BONILLO (EL);02610;CALLE CARRETERA MUNERA, 2;D;-2,535056;38,953361;18/05/2025 00:00;1,459;;;1,569;;1,409;1,499;1,105;;;;;;;;;;REPSOL;P;OM;S-D: 07:00-15:00;S-D: 07:00-15:00 (A)
ALBACETE;CASAS DE JUAN NÚÑEZ;CASAS DE JUAN NUÑEZ;02151;AVDA. ALBACETE, 33;D;-1,560857;39,100792;14/05/2025 15:58;1,499;;;;;1,419;;0,889;;;;;;;;;;GASOLINERAS DEL REY;P;dm;L-D: 07:00-23:00;L-D: 07:00-23:00 (A)
ALBACETE;CASAS DE VES;CASAS DE VES;02212;CARRETERA CASAS IBAÑEZ KM. 13,8;D;-1,332194;39,255139;12/05/2025 15:01;;;;;;;;0,895;;;;;;;;;;COOPERATIVA;R;dm;L-V: 08:00-13:30 y 15:00-18:00;L-V: 08:00-13:30 (A), 15:00-18:00 (A)
ALBACETE;CASAS-IBÁÑEZ;CASAS-IBAÑEZ;02200;AVDA. DEL VINO, 10;D;-1,474111;39,291389;12/05/2025 17:24;;;;;;;;1,100;;;;;;;;;;NTRA SRA DE LA CABEZA;R;dm;L-D: 24H;L-D: 24H (A)
ALBACETE;CASAS-IBÁÑEZ;CASAS-IBAÑEZ;02200;CARRETERA ALBACETE KM. 94;I;-1,477806;39,283944;12/05/2025 21:00;1,529;;;1,659;;1,439;1,499;1,179;;;;;;;;;;CEPSA;P;dm;L-D: 07:00-21:00;L-D: 07:00-21:00 (A)
ALBACETE;CAUDETE;CAUDETE;02660;CR N-344 DIRC.VALENCIA, KM.  118.3;N;-0,943000;38,727472;07/05/2025 19:22;1,549;;;1,699;;1,429;1,529;;;;;;;;;;;BP PARGA I PETROL BAS BEL;P;dm;L-D: 06:00-22:00;L-D: 06:00-22:00 (A)
ALBACETE;CAUDETE;CAUDETE;02660;AVENIDA VALENCIA DE, 16;N;-0,982111;38,708944;16/05/2025 09:44;1,559;;;1,709;;1,429;1,519;;;;;;;;;;;GALP;P;dm;L-D: 06:00-22:00;Sin datos
ALBACETE;CAUDETE;CAUDETE;02660;AUTOVIA A-31 KM. 167,50;I;-0,955833;38,756417;18/05/2025 00:00;1,489;;;1,639;;1,429;1,509;1,105;;;;;;;;;;REPSOL;P;OM;L-D: 06:00-23:00;L-D: 06:00-23:00 (A)
ALBACETE;CAUDETE;CAUDETE;02660;CARRETERA D12 ESTACION KM. 1;D;-0,973861;38,710750;16/05/2025 13:00;;;;;;;;;;;;;;;;1,169;;HAM;P;dm;L-D: 24H;L-D: 24H (D)
ALBACETE;CAUDETE;CAUDETE;02660;CARRETERA D-12 ESTACION KM. 32;D;-0,971639;38,711694;12/05/2025 09:53;1,449;;;;;1,329;;0,999;;;;;;;;;;VILA Y FAYOS ;P;dm;L-D: 24H;L-D: 24H (A)
ALBACETE;CENIZATE;CENIZATE;02247;CALLE VIRGEN DE LAS NIEVES, 17;D;-1,664167;39,301000;12/05/2025 13:52;1,363;;;;;1,308;;0,878;;;;;;;;;;VIRGEN DE LAS NIEVES;P;dm;L-D: 24H;L-D: 24H (A)
ALBACETE;CHINCHILLA DE MONTE-ARAGÓN;CHINCHILLA DE MONTE-ARAGO;02520;AUTOVIA A-31 KM. 86;D;-1,758000;38,937583;18/05/2025 00:00;1,489;;;1,639;;1,429;1,519;;;;;;;0,939;;;;REPSOL;P;OM;L-D: 06:00-22:00;Sin datos
ALBACETE;CHINCHILLA DE MONTE-ARAGÓN;CHINCHILLA DE MONTE-ARAGO;02520;AUTOVIA A-31 KM. 86;I;-1,757611;38,938611;18/05/2025 00:00;1,489;;;;;1,429;1,519;;;;;;;;;;;REPSOL;P;OM;L-D: 06:00-22:00;Sin datos
ALBACETE;CHINCHILLA DE MONTE-ARAGÓN;CHINCHILLA DE MONTE-ARAGO;02520;Ctra. AB-430 KM 530,3;I;-1,726278;38,915972;18/05/2025 00:00;1,499;;;1,609;;1,439;1,509;;;;;;;;;;;REPSOL;P;OM;L: 06:00-22:00;L: 06:00-22:00 (A)
ALBACETE;CHINCHILLA DE MONTE-ARAGÓN;POZO BUENO;02510;CL AVENIDA GENERALISIMO 107 (N-301 km 276);I;-1,731861;38,803389;18/05/2025 00:00;1,509;;1,569;;;1,439;;;;;;;;;;;;REPSOL;P;OM;L-D: 06:00-22:00;L-D: 06:00-22:00 (A)
ALBACETE;CHINCHILLA DE MONTE-ARAGÓN;VILLAR DE CHINCHILLA;02695;AUTOVIA A31 KM. 111;N;-1,502806;38,898306;13/05/2025 06:00;1,539;;;1,679;;1,449;1,549;;;;;;;;;;;CEPSA;P;dm;"L-V: 06:00-22:00; S-D: 07:00-22:00";Sin datos
ALBACETE;ELCHE DE LA SIERRA;ELCHE DE LA SIERRA;02430;CL BOLEA, 36 (CM-412 km 235,65);D;-2,044778;38,451306;18/05/2025 00:00;1,479;;;1,589;;1,459;;1,105;;;;;;;;;;CAMPSA;P;OM;L: 06:00-22:00;L: 06:00-22:00 (A)
ALBACETE;ELCHE DE LA SIERRA;ELCHE DE LA SIERRA;02430;POLIGONO EL CAMPILLO A, 2;D;-2,017917;38,460694;17/05/2025 09:15;1,440;;;;;1,379;;;;;;;;;;;;DLP;P;dm;"L-V: 08:00-21:00; S: 08:00-14:00";"L-V: 08:00-21:00 (P); S: 08:00-14:00 (P)"
ALBACETE;FUENTE-ÁLAMO;FUENTE-ALAMO;02651;AVDA. DOCTOR PEREZ GIL, 25;N;-1,433306;38,689833;12/05/2025 09:06;1,659;;;1,820;;1,499;;1,099;;;;;;;;;;Nº 7374;P;dm;L: 07:00-21:00;Sin datos
ALBACETE;FUENTE-ÁLAMO;FUENTE-ALAMO;02651;LA HIGUERA, 000;D;-1,431579;38,695348;12/05/2025 10:56;;;;;;1,210;;0,830;;;;;;;;;;SAN DIONISIO;R;dm;L-D: 24H;L-D: 24H (A)
ALBACETE;FUENTEALBILLA;FUENTEALBILLA;02260;N-322 (CORDOBA-VALENCIA) km 399;I;-1,548639;39,269972;12/05/2025 20:36;1,399;;;;;1,329;;0,949;;;;;;;;;;ES SAN ANTONIOABAD. FUENTEALBILLA;P;dm;L-D: 07:00-20:00;L-D: 07:00-20:00 (A)
ALBACETE;GINETA (LA);GINETA (LA);02110;CR N-301, 231,8;D;-1,990194;39,107667;18/05/2025 00:00;1,489;;;1,599;;1,429;1,479;;;;;;;;;;;REPSOL;P;OM;L-D: 07:00-21:00;L-D: 07:00-21:00 (A)
ALBACETE;GINETA (LA);GINETA (LA);02110;CR A-31, 235;I;-1,963944;39,086278;18/05/2025 17:00;1,519;;1,569;1,659;;1,459;;;;;;;;;;;;REPSOL;P;OM;L-D: 06:00-22:00;L-D: 06:00-22:00 (A)
ALBACETE;GOLOSALVO;GOLOSALVO;02253;CARRETERA NACIONAL 322 KM. 390;D;-1,635111;39,238111;16/05/2025 12:46;1,491;;;1,611;;1,421;1,531;;;;;;;;;;;CEPSA;P;dm;L: 06:00-22:00;L: 06:00-22:00 (A)
ALBACETE;HELLÍN;HELLIN;02400;CARRETERA TORREUCHEA KM. 1;D;-1,636389;38,495972;16/05/2025 09:56;1,479;;;1,599;;1,439;1,539;;;;;;;1,029;;;;HELLIN GAS S.L.;P;dm;L-D: 24H;L-D: 24H (A)
ALBACETE;HELLÍN;HELLIN;02400;MELCHOR  DE MACANAZ, 66;N;-1,696972;38,511222;12/05/2025 22:51;1,479;;;1,589;;1,419;1,519;;;;;;;;;;;BP;P;dm;L: 06:00-23:00;L: 06:00-23:00 (A)
ALBACETE;HELLÍN;HELLIN;02400;CARRETERA A-30 KM. 328,2;I;-1,571667;38,417306;05/05/2025 06:00;1,534;;;1,606;;1,435;1,546;;;;;;;;;;;CEPSA;P;dm;L-D: 06:00-22:00;L-D: 06:00-22:00 (A)
ALBACETE;HELLÍN;HELLIN;02400;AUTOVIA A-30 KM. 322,5;D;-1,596722;38,464250;12/05/2025 11:07;1,529;;;1,659;;1,429;1,499;;;;;;;;;;;GALP;P;dm;L-D: 06:00-22:00;Sin datos
ALBACETE;HELLÍN;HELLIN;02400;CARRETERA CM 412 KM. 273;D;-1,694889;38,532389;17/05/2025 20:12;1,389;;;;;1,319;;;;;;;;;;;;PETROGAS;P;dm;L-D: 06:30-22:00;L-D: 06:30-22:00 (A)
ALBACETE;HELLÍN;HELLIN;02400;CARRETERA JAEN KM. 47;D;-1,714556;38,502889;18/05/2025 00:00;1,459;;;1,569;;1,429;;;;;;;;;;;;REPSOL;P;OM;L-D: 08:00-21:00;L-D: 08:00-21:00 (A)
ALBACETE;HELLÍN;HELLIN;02400;CARRETERA N-301 KM. 316;I;-1,703056;38,524444;18/05/2025 00:00;1,459;;;1,569;;1,449;;;;;;;;;;;;REPSOL;P;OM;L-D: 06:00-23:00;L-D: 06:00-23:00 (A)
ALBACETE;HELLÍN;HELLIN;02400;CARRETERA N 301-A KM. S/N;D;-1,677694;38,502528;12/05/2025 09:41;1,379;;;;;1,319;;;;;;;;;;;;MULTSER-OIL;P;dm;L-D: 24H;L-D: 24H (A)
ALBACETE;HELLÍN;HELLIN;02400;POLIGONO SAN RAFAEL 3ª FASE, SN;N;-1,705389;38,545111;17/05/2025 00:00;;;;;;1,470;;;;;;;;;;;;IDS;P;dm;L-D: 24H;L-D: 24H (A)
ALBACETE;HELLÍN;HELLIN;02400;AVENIDA LIBERTAD, 111;D;-1,700417;38,517306;16/05/2025 11:20;1,379;;;;;1,319;;;;;;;;;;;;PLENERGY;P;dm;L-D: 24H;L-D: 24H (A)
ALBACETE;HELLÍN;HELLIN;02400;CARRETERA MURCIA KM. 33;I;-1,687833;38,506806;18/05/2025 00:00;1,459;;;1,569;;1,429;;;;;;;;;;;;PETRONOR;P;OM;L-D: 06:00-23:00;L: 06:00-23:00 (A)
ALBACETE;HELLÍN;ISSO;02420;CARRETERA DE HELLIN KM. 104;D;-1,741111;38,491861;18/05/2025 00:00;1,459;;;1,569;;1,419;;1,129;;;;;;;;;;REPSOL;P;OM;L-D: 06:00-23:00;L-D: 06:00-23:00 (A)
ALBACETE;HIGUERUELA;HIGUERUELA;02694;BALTASAR GONZALEZ SAEZ, 34 - 36;D;-1,444083;38,960944;12/05/2025 10:53;1,378;;;;;1,272;;0,882;;;;;;;;;;NO;R;dm;L-D: 24H;L-D: 24H (D)
ALBACETE;HOYA-GONZALO;HOYA-GONZALO;02696;AUTOVIA A-31 KM. 103,150;D;-1,583389;38,921833;18/05/2025 07:40;1,489;;;1,639;;1,429;1,509;;;;;;;;;;;REPSOL;P;dm;L-D: 07:00-23:00;L-D: 07:00-23:00 (A)
ALBACETE;LETUR;LETUR;02434;CARRETERA A 45 KM. 39,8;D;-2,111056;38,356556;12/05/2025 10:30;1,497;;;;;1,387;;1,105;;;;;;;;;;E.S. LETUR;P;dm;L-D: 07:30-21:30;Sin datos
ALBACETE;LEZUZA;LEZUZA;02160;PASEO LIBERTAD, 62;D;-2,354861;38,948472;12/05/2025 11:04;1,509;;;;;1,439;;;;;;;;;;;;E.S. VIRGEN DE LA CRUZ;P;dm;L-D: 7:00-20:30;L-D: 7:00-20:30 (A)
ALBACETE;MADRIGUERAS;MADRIGUERAS;02230;AVENIDA LEVANTE, 15;I;-1,799472;39,233056;18/05/2025 00:00;1,459;;;;;1,409;1,459;1,105;;;;;;;;;;REPSOL;P;OM;L-D: 06:00-22:00;L-D: 06:00-22:00 (A)
ALBACETE;MADRIGUERAS;MADRIGUERAS;02230;CARRETERA C-3222 KM. 9;D;-1,800611;39,226611;12/05/2025 11:15;1,429;;;;;1,359;;;;;;;;;;;;Q8;P;dm;L-S: 07:00-15:00;L-S: 07:00-15:00 (A)
ALBACETE;MADRIGUERAS;MADRIGUERAS;02230;AVENIDA DE LEVANTE 27;D;-1,794139;39,232528;16/05/2025 12:15;;;;;;1,260;;0,851;;;;;;;;;;SAT VIDEMA;R;dm;L-D: 24H;L-D: 24H (A)
ALBACETE;MAHORA;MAHORA;02240;CAMINO HORTIGOSA, S/N;N;-1,729333;39,209972;12/05/2025 13:44;;;;;;1,270;;0,870;;;;;;;;;;SECADEMA;R;dm;L-D: 24H;L-D: 24H (A)
ALBACETE;MINAYA;MINAYA;02620;CARRETERA MADRID-CARTAGENA KM. S/N;D;-2,325056;39,273583;05/05/2025 18:30;;;;;;1,220;;0,860;;;;;;;;;;COOPERATIVA VITIVINICOLA SANTIAGO EL MAYOR;R;dm;L-D: 24H;L-D: 24H (A)
ALBACETE;MINAYA;MINAYA;02620;CARRERA N-301, 195,2;D;-2,330333;39,276056;12/05/2025 11:07;1,519;;;1,649;;1,409;1,479;1,059;;;;;;;;;;REPSOL;P;dm;L-D: 06:00-22:00;Sin datos
ALBACETE;MONTEALEGRE DEL CASTILLO;MONTEALEGRE DEL CASTILLO;02650;CALLE CAPATAZ SANTIAGO, 91;D;-1,328750;38,789694;12/05/2025 12:13;;;;;;1,229;;0,869;;;;;;;;;;BODEGAS SANTIAGO APOSTOL;R;dm;L-D: 06:30-23:00;L-D: 06:30-23:00 (A)
ALBACETE;MONTEALEGRE DEL CASTILLO;MONTEALEGRE DEL CASTILLO;02650;CALLE CAPATAZ SANTIAGO, 23;I;-1,330250;38,785917;12/05/2025 23:39;1,559;;;;;1,479;;;;;;;;;;;;LOS CORRALES;P;dm;L-D: 07:00-21:00;L-D: 07:00-21:00 (A)
ALBACETE;MOTILLEJA;MOTILLEJA;02200;MEDIO DÍA 28;N;-1,788246;39,179070;12/05/2025 12:13;;;;;;;;0,860;;;;;;;;;;SAT MOTILLEJA;R;dm;L-D: 24H;L-D: 24H (A)
ALBACETE;MUNERA;MUNERA;02612;CALLE COOPERATIVAS, 4;N;-2,480694;39,046139;12/05/2025 11:09;1,469;;;;;1,459;;1,000;;;;;;;;;;OLEOVINICOLA CAMPOS DE MUNERA S. COOP. DE C-LM;R;dm;L-D: 24H;L-D: 24H (D)
ALBACETE;MUNERA;MUNERA;02612;CALLE POZO (EL), 106;D;-2,485028;39,043806;12/05/2025 00:00;1,439;;;;;1,349;1,399;;;;;;;;;;;INPEALSA;P;dm;L-D: 06:30-22:30;L-D: 06:30-22:30 (P)
ALBACETE;NAVAS DE JORQUERA;NAVAS DE JORQUERA;02246;CTRA DE LEDAÑA S/N km S/N;N;-1,719778;39,281778;12/05/2025 09:55;;;;;;1,245;;0,834;;;;;;;;;;COOP SAN GREGORIO;R;dm;L-D: 24H;L-D: 24H (A)
ALBACETE;NERPIO;NERPIO;02530;CR AB-702, 45,6;D;-2,293444;38,151167;18/05/2025 00:00;1,459;;;1,569;;1,409;;1,199;;;;;;;;;;CAMPSA;P;OM;L-D: 07:00-21:00;L-D: 07:00-21:00 (A)
ALBACETE;ONTUR;ONTUR;02652;CAMINO DE HELLIN S/N;D;-1,508333;38,609556;12/05/2025 11:11;;;;;;1,210;;0,843;;;;;;;;;;ONTALBA S. COOP DE C-LM;P;dm;L-D: 24H;L-D: 24H (A)
ALBACETE;ONTUR;ONTUR;02652;CRTA.CM km KM297,5;I;-1,497667;38,622944;18/05/2025 00:00;1,459;;1,529;;;1,409;;1,105;;;;;;;;;;REPSOL ;P;OM;L-D: 07:00-21:00;L-D: 07:00-21:00 (A)
ALBACETE;OSSA DE MONTIEL;OSSA DE MONTIEL;02611;CARRETERA N 430 KM. 429;I;-2,751500;38,967167;18/05/2025 00:00;1,459;;1,519;;;1,409;1,459;;;;;;;;;;;REPSOL;P;OM;L-D: 07:30-20:30;Sin datos
ALBACETE;PEÑAS DE SAN PEDRO;PEÑAS DE SAN PEDRO;02120;AVENIDA GUARDIA CIVIL, S/N;D;-1,990278;38,724028;12/05/2025 10:19;1,499;;;;;1,389;;;;;;;;;;;;VALERO 24H ENERGIA;P;dm;L-D: 24H;L-D: 24H (A)
ALBACETE;PÉTROLA;PETROLA;02692;CARRETERA FUENTEALAMO KM. 36;I;-1,553694;38,828806;12/05/2025 09:57;1,489;;;;;1,389;;;;;;;;;;;;GASOLEOS TURBULA ;P;dm;L-D: 24H;Sin datos
ALBACETE;POZO CAÑADA;POZO CAÑADA;02099;CALLE ANTONIO MACHADO, 2;D;-1,736389;38,805278;12/05/2025 10:18;;;;;;1,469;;;;;;;;;;;;E.S. LEDAÑA ;P;dm;"L-V: 07:00-14:00; S: 09:00-14:00";Sin datos
ALBACETE;POZO CAÑADA;POZO CAÑADA;02099;CALLE HERNAN CORTES, S/N;N;-1,735917;38,813389;14/05/2025 16:54;;;;;;1,160;;;;;;;;;;;;POZOTRANS;R;dm;L-D: 08:00-20:00;L-D: 08:00-20:00 (D)
ALBACETE;POZOHONDO;POZOHONDO;02141;CR CM-313 61,7;I;-1,910750;38,717556;12/05/2025 16:07;1,559;;;;;1,499;;1,339;;;;;;;;;;REPSOL;P;dm;L-D: 07:00-21:00;L-D: 07:00-21:00 (P)
ALBACETE;POZOHONDO;NAVA DE ABAJO;02142;CALLE DISEMINADOS, 1;D;-1,844139;38,641750;16/05/2025 13:53;1,404;;;;;1,429;;;;;;;;;;;;CAMPAREZ GASOLINERA;P;dm;L-D: 07:00-10:00;L-D: 07:00-10:00 (P)
ALBACETE;POZO-LORENTE;POZO-LORENTE;02154;POLIGONO PARAJE RECIAL, 2;I;-1,512611;39,081278;12/05/2025 14:21;;;;;;1,309;;0,889;;;;;;;;;;SAT SANTA CRUZ DE POZO LORENTE;P;dm;L-D: 24H;L-D: 24H (A)
ALBACETE;POZUELO;POZUELO;02327;CARRETERA M 313 KM. 50;I;-2,098778;38,804722;12/05/2025 09:28;1,509;;;1,669;;1,459;;1,459;;;;;;;;;;INLOCOR S.L.;P;dm;L-D: 07:00-22:00;L-D: 07:00-22:00 (A)
ALBACETE;RIÓPAR;RIOPAR;02450;CARRETERA CM-412 KM. 199,5;I;-2,411444;38,493528;12/05/2025 10:21;1,539;;1,599;;;1,479;1,579;;;;;;;;;;;CEPSA;P;dm;L-D: 08:00-20:00;L-D: 08:00-22:00 (A)
ALBACETE;ROBLEDO;ROBLEDO;02340;CARRETERA NACIONAL 320 KM. 289;D;-2,450028;38,771194;12/05/2025 12:43;1,399;;;;;1,299;;;;;;;;;;;;CANOIL;P;dm;"L-V: 07:00-21:00; S: 07:00-14:30; D: 07:00-21:00";Sin datos
ALBACETE;RODA (LA);RODA (LA);02630;CARRETERA AB101 KM. 0,2;N;-2,158028;39,218389;16/05/2025 08:39;1,319;;;;;1,259;;;;;;;;;;;;GASPLAY;P;dm;L-D: 24H;L-D: 24H (A)
ALBACETE;RODA (LA);RODA (LA);02630;CR NACIONAL 301 km 210,300;N;-2,176194;39,213667;12/05/2025 11:00;;;;;;1,190;;;;;;;;;;;;RODATRANS;R;dm;L-D: 24H;L-D: 24H (A)
ALBACETE;RODA (LA);RODA (LA);02630;POLIGONO AVENIDA PRIMERA, 17;D;-2,143056;39,191250;16/05/2025 13:00;;;;;;;;;;;;;;;1,219;1,169;;HAM;P;dm;L-D: 24H;L-D: 24H (A)
ALBACETE;RODA (LA);RODA (LA);02630;CARRETERA A-31 KM. 50;D;-2,051250;39,143972;12/05/2025 11:49;1,539;;;1,669;;1,449;1,539;;;;;;;;;;;GALP;P;dm;L-D: 07:00-23:00;Sin datos
ALBACETE;RODA (LA);RODA (LA);02630;AUTOVIA A-31 KM. 34,50;I;-2,186083;39,225000;12/05/2025 11:49;1,539;;;1,669;;1,449;1,539;;;;;;;;;;;GALP;P;dm;L-D: 07:00-23:00;Sin datos
ALBACETE;RODA (LA);RODA (LA);02630;ALFREDO ATIENZA, 149-151;D;-2,147750;39,201139;14/05/2025 20:01;;;;;;1,225;;0,829;;;;;;;;;;LA REMEDIADORA;R;dm;L-D: 24H;L-D: 24H (D)
ALBACETE;RODA (LA);RODA (LA);02630;AUTOVIA A-31 KM. 40;D;-2,144639;39,200944;18/05/2025 17:00;1,519;;;1,659;;1,449;1,519;;;;;;;;;;;REPSOL;P;OM;L-D: 06:00-22:00;L-D: 06:00-22:00 (A)
ALBACETE;RODA (LA);RODA (LA);02630;CARRETERA CM-3114 KM. 0,1;I;-2,156667;39,213722;18/05/2025 00:00;1,499;;;1,649;;1,439;1,529;;;;;;;;;;;REPSOL;P;OM;"L-V: 06:00-10:00; S: 06:00-14:00";"L-V: 06:00-10:00 (A); S: 06:00-14:00 (A)"
ALBACETE;RODA (LA);RODA (LA);02630;CALLE ALFREDO ATIENZA, 156;D;-2,149000;39,201667;18/05/2025 00:00;1,509;;;1,659;;1,449;1,539;;;;;;;;;;;REPSOL;P;OM;L-D: 06:00-22:55;Sin datos
ALBACETE;RODA (LA);RODA (LA);02630;CARRETERA MADRID CARTAGENA KM. 209;N;-2,171028;39,212361;17/05/2025 23:50;1,509;;;;;1,439;1,539;;;;;;;;;;;BP CASA JUANITO RESTAURANTE;P;dm;L-D: 06:00-22:00;L-D: 06:00-22:00 (A)
ALBACETE;SOCOVOS;SOCOVOS;02435;AVENIDA DE LA PAZ, 3;D;-1,981861;38,331361;18/05/2025 00:00;1,499;;;1,699;;1,409;;1,109;;;;;;;;;;NAVARRO Y VALERO, S.L;P;dm;"L-S: 06:00-22:00; D: 06:30-22:00";"L-S: 06:00-22:00 (A); D: 06:30-22:00 (A)"
ALBACETE;TARAZONA DE LA MANCHA;TARAZONA DE LA MANCHA;02100;AVENIDA ALBACETE, 35;D;-1,912194;39,256194;16/05/2025 13:38;1,339;;;;;1,258;;;;;;;;;;;;LA GAVIOTA GASOLINERAS;P;dm;L-D: 24H;L-D: 24H (A)
ALBACETE;TARAZONA DE LA MANCHA;TARAZONA DE LA MANCHA;02100;CL AVENIDA DE LA RODA, 1;I;-1,911389;39,259750;18/05/2025 00:00;1,459;;1,519;;;1,409;1,459;;;;;;;;;;;REPSOL;P;OM;L-D: 07:00-23:00;L-D: 07:00-23:00 (A)
ALBACETE;TARAZONA DE LA MANCHA;TARAZONA DE LA MANCHA;02100;CARRETERA VILLAGARCIA KM. 0,1;I;-1,908778;39,270556;13/05/2025 14:53;1,301;;;;;1,218;;0,820;;;;;;;;;;COOP. LA UNION AB;R;dm;L-D: 24H;L-D: 24H (A)
ALBACETE;TOBARRA;TOBARRA;02500;CAMINO CAMINO DEL GUIJARRAL, 0;I;-1,694083;38,603306;13/05/2025 18:10;;;;;;1,320;;1,050;;;;;;;;;;SAN ROQUE DE TOBARRA S. COOP. DE C-LM;P;dm;L-D: 06:00-22:00;L-D: 06:00-22:00 (A)
ALBACETE;TOBARRA;TOBARRA;02500;AVENIDA GUARDIA CIVIL, 162;D;-1,680833;38,601722;12/05/2025 20:22;1,379;;;;;1,329;;;;;;;;;;;;NTRA. SRA. DE LA ENCARNACION;P;dm;L-D: 06:00-23:00;L-D: 06:00-23:00 (A)
ALBACETE;TOBARRA;TOBARRA;02500;AVENIDA GUARDIA CIVIL, 114;D;-1,685417;38,594639;13/05/2025 11:22;1,459;;1,549;;;1,399;1,439;;;;;;;;;;;E.S. TOBARRA;P;dm;L-D: 07:00-22:00;L-D: 07:00-22:00 (A)
ALBACETE;TOBARRA;TOBARRA;02500;AVENIDA GUARDIA CIVIL, 233;D;-1,680917;38,602278;14/05/2025 13:05;1,509;;;1,629;;1,439;1,519;1,139;;;;;;;;;;REPSOL;P;dm;L-D: 24H;L-D: 24H (A)
ALBACETE;VALDEGANGA;VALDEGANGA;02150;CALLE SANTA CRUZ, 16;D;-1,680944;39,137222;12/05/2025 11:57;1,419;;;;;1,325;;0,909;;;;;;;;;;NO HAY;P;dm;L-D: 24H;L-D: 24H (A)
ALBACETE;VILLALGORDO DEL JÚCAR;VILLALGORDO DEL JUCAR;02636;CARRETERA CM-3114 KM. 12,7;I;-2,067639;39,302389;16/05/2025 21:58;1,429;;;;;1,349;;;;;;;;;;;;E.S EL GORRION;P;dm;L-D: 07:30-21:30;Sin datos
ALBACETE;VILLALGORDO DEL JÚCAR;VILLALGORDO DEL JUCAR;02636;CALLE DEL VINO, 10;N;-2,059556;39,293500;12/05/2025 10:59;;;;;;;;0,904;;;;;;;;;;SAN ISIDRO;R;dm;L-D: 24H;L-D: 24H (D)
ALBACETE;VILLAMALEA;VILLAMALEA;02270;CARRETERA CENIZATE KM. 1,5;D;-1,613194;39,350250;08/05/2025 23:25;1,355;;;;;1,244;;;;;;;;;;;;CHAMPINTER;P;dm;L-D: 00:00-23:59;Sin datos
ALBACETE;VILLAMALEA;VILLAMALEA;02270;CALLE VALENCIA, 41;I;-1,593250;39,367333;12/05/2025 11:36;;;;;;1,228;;0,849;;;;;;;;;;BODEGAS SAAC;P;dm;L-D: 24H;L-D: 24H (A)
ALBACETE;VILLAPALACIOS;VILLAPALACIOS;02350;CARRETERA DE ALBACETE, 14 KM. 0;D;-2,630167;38,575556;14/05/2025 14:05;1,344;;;;;1,271;;0,852;;;;;;;;;;SIERRA DE ALCARAZ;P;dm;L: 24H;L: 24H (D)
ALBACETE;VILLAPALACIOS;VILLAPALACIOS;02350;CR N-322, 258,8;D;-2,626222;38,581722;16/05/2025 08:34;1,479;;;1,769;;1,399;1,469;1,089;;;;;;;;;;REPSOL;P;dm;L-D: 07:00-21:00;Sin datos
ALBACETE;VILLARROBLEDO;VILLARROBLEDO;02600;CARRETERA N-310 KM. 120,5;D;-2,713722;39,198000;16/05/2025 12:43;1,491;;;1,611;;1,421;1,491;1,163;;;;;;;;;;CEPSA;P;dm;"L-V: 07:00-21:00; D: 14:00-21:00";"L-V: 07:00-21:00 (A); D: 14:00-21:00 (A)"
ALBACETE;VILLARROBLEDO;VILLARROBLEDO;02600;CARRETERA DE LAS MESAS KM. 005;N;-2,617083;39,272250;16/05/2025 12:51;1,459;;;1,599;;1,419;1,509;1,109;;;;;;;;;;ESTACIÓN DE SERVICIO LOS VIÑEDOS;P;dm;L-D: 06:00-22:30;Sin datos
ALBACETE;VILLARROBLEDO;VILLARROBLEDO;02600;AVENIDA REYES CATÓLICOS (APARCAMIENTO DEL CARREFOUR), S/N;N;-2,579639;39,285722;16/05/2025 11:20;1,359;;;1,529;;1,289;1,329;;;;;;;;;;;CARREFOUR;P;dm;L-S: 08:00-22:00;L-S: 08:00-22:00 (A)
ALBACETE;VILLARROBLEDO;VILLARROBLEDO;02600;AVENIDA REYES CATOLICOS, 133;D;-2,591722;39,277056;17/05/2025 00:00;1,469;;;1,619;;1,439;1,539;;;;;;;;;;;BP VILLARROBLEDO;P;OM;L-D: 06:00-22:00;L-D: 06:00-22:00 (P)
ALBACETE;VILLARROBLEDO;VILLARROBLEDO;02600;CALLE NOBEL, 64;N;-2,583361;39,283917;14/05/2025 11:29;1,399;;;;;1,219;1,249;;;;;;;;;;;COMBUSTIBLES DISPROSIO S.L.;P;dm;L-S: 08:00-20:00;Sin datos
ALBACETE;VILLARROBLEDO;VILLARROBLEDO;02600;CALLE DOS DE MAYO, 167;I;-2,602028;39,278222;12/05/2025 13:02;1,469;;1,509;;;1,419;1,499;1,109;;;;;;;;;;REPSOL;P;dm;L-D: 06:00-00:00;L-D: 06:00-00:00 (A)
ALBACETE;VILLARROBLEDO;VILLARROBLEDO;02600;AUTOVIA A-43 KM. 129;D;-2,586778;39,258778;12/05/2025 14:24;1,479;;;1,609;;1,439;1,509;;;;;;;;;;;REPSOL;P;dm;L-D: 24H;L-D: 24H (A)
ALBACETE;VILLARROBLEDO;VILLARROBLEDO;02600;CARRETERA NACIONAL 310 KM. 137,7;I;-2,567139;39,293722;18/05/2025 00:00;1,459;;;1,569;;1,429;;;;;;;;;;;;REPSOL;P;OM;L-S: 07:00-22:00;L-S: 07:00-22:00 (A)
ALBACETE;VILLARROBLEDO;VILLARROBLEDO;02600;CALLE GENERAL MARTI, 2;D;-2,596944;39,266417;13/05/2025 13:57;1,285;;;;;1,187;;;;;;;;;;;;PLENERGY;P;dm;L-D: 24H;L-D: 24H (D)
ALBACETE;VILLARROBLEDO;VILLARROBLEDO;02600;CARRETERA OSSA DE MONTIEL KM. 21;I;-2,613778;39,257528;17/05/2025 00:00;1,459;;;1,569;;1,399;;1,139;;;;;;;;;;REPSOL;P;OM;"L-S: 06:00-22:00; D: 06:00-15:00";"L-S: 06:00-22:00 (P); D: 06:00-15:00 (P)"
ALBACETE;VILLARROBLEDO;VILLARROBLEDO;02600;AVENIDA REYES CATOLICOS, 26;D;-2,599417;39,261472;18/05/2025 00:00;1,516;;;;;1,552;1,610;;;;;;;;;;;CEPSA;P;OM;"L-V: 07:00-21:00; S: 08:00-13:00";"L-V: 07:00-21:00 (A); S: 08:00-13:00 (A)"
ALBACETE;VILLARROBLEDO;VILLARROBLEDO;02600;AUTOVIA A-43 KM. 390;I;-2,708528;39,205194;18/05/2025 00:00;1,512;;1,555;;;1,470;1,538;;;;;;;;;;;MOEVE;P;OM;L-D: 06:00-23:59;L-D: 06:00-23:59 (A)
ALBACETE;VILLARROBLEDO;VILLARROBLEDO;02600;CALLE ARQUIMEDES, 62;N;-2,583778;39,282167;08/05/2025 22:35;1,349;;;;;1,299;;1,119;;;;;;;;;;COMBUSTIBLES FIEL, S.L.;P;dm;L-S: 07:00-22:00;L-S: 07:00-22:00 (P)
ALBACETE;VILLARROBLEDO;VILLARROBLEDO;02600;AVENIDA REYES CATOLICOS, 138;D;-2,591111;39,276917;13/05/2025 13:57;1,285;;;;;1,187;;;;;;;;;;;;PLENERGY;P;dm;L-D: 24H;Sin datos
ALBACETE;VILLARROBLEDO;VILLARROBLEDO;02600;CARRETERA MUNERA KM. 0,500;I;-2,601028;39,250806;14/05/2025 11:03;1,312;;;;;1,223;;0,835;;;;;;;;;;VINICOLA DE VILLARROBLEDO;R;dm;L-D: 24H;L-D: 24H (A)
ALBACETE;VILLARROBLEDO;VILLARROBLEDO;02600;AVENIDA REYES CATOLICOS, 150;D;-2,590194;39,278333;12/05/2025 17:28;;;;;;1,449;;;;;;;;;;;;PAÑALON;P;dm;L-D: 24H;L-D: 24H (P)
ALBACETE;VILLARROBLEDO;VILLARROBLEDO;02600;AVENIDA REYES CATÓLICOS, 108;N;-2,594111;39,272056;12/05/2025 10:19;1,285;;;;;1,249;;;;;;;;;;;;AUTOIL VILLARROBLEDO;P;dm;L-D: 24H;L-D: 00:00-06:00 (D), 06:00-22:00 (A), 22:00-23:59 (D)
ALBACETE;VILLARROBLEDO;VILLARROBLEDO;02600;CALLE FERNANDO ZEPPELIN, 13;D;-2,587083;39,268472;14/05/2025 17:31;;;;;;;;;;;;;;;;1,229;;MOLGAS;P;dm;L-D: 00:00-23:59;L-D: 24H (D)
ALBACETE;YESTE;YESTE;02480;CARRETERA DE HELLIN KM. 42;I;-2,314667;38,368667;18/05/2025 00:00;1,505;;;;;1,439;1,526;;;;;;;;;;;CEPSA;P;OM;L-D: 07:00-21:00;L-D: 07:00-21:00 (P)